fullName,street,city,state,zip_code
Artur Heaven,30 Caliangt Hill,Washington,District of Columbia,0
Hubert Pear,3 Barnett Trail,New York City,New York,8774
Stanleigh Dando,69 Shoshone Way,Springfield,Illinois,23611
Laurette Truin,901 Grover Road,Des Moines,Iowa,5782
Georgeanne Megahey,54907 Porter Road,El Paso,Texas,9
Doralia Degoe,1014 Havey Pass,San Francisco,California,383
Merry Rubinivitz,7 Bobwhite Alley,Indianapolis,Indiana,17280
Sergei Storm,2 Judy Lane,Birmingham,Alabama,3635
Laney Maleham,44 Donald Hill,Chicago,Illinois,014
Dosi Werndly,67 Esch Way,San Jose,California,05976
Sydney Georgeson,54688 Eastwood Alley,Newark,New Jersey,5623
Thaine Lambal,24850 Stuart Road,Tampa,Florida,826
Fayina Dowrey,0193 Cherokee Circle,Denver,Colorado,9
Emelia Coale,99475 2nd Parkway,Midland,Michigan,46707
Elene Prop,56 Larry Lane,West Palm Beach,Florida,058
Romain Rycraft,77 Pennsylvania Alley,Reno,Nevada,23635
Gabbi Tottle,2 Acker Trail,Carol Stream,Illinois,0884
Rosemonde Parnall,772 Cordelia Avenue,Gainesville,Florida,56906
Shelby Lawday,1 Spenser Terrace,Ridgely,Maryland,55
Madelaine Treadgall,35330 Gulseth Point,Chicago,Illinois,044
Jayson Arnott,642 Lindbergh Circle,Wichita,Kansas,2424
Simon Sainthill,01 Anniversary Drive,Riverside,California,5494
Nesta Gerraty,14051 Service Pass,Pittsburgh,Pennsylvania,83564
Delmar Flancinbaum,07980 Eastlawn Plaza,Muskegon,Michigan,889
Octavia Isworth,66 Continental Pass,Washington,District of Columbia,9402
Shawn Moreinu,894 Fuller Terrace,New Haven,Connecticut,8797
Wayland Dakers,0 Brentwood Street,Largo,Florida,43911
Celina Vignal,9906 Lakeland Junction,Bronx,New York,2606
Boycie Mabe,921 Sundown Center,El Paso,Texas,10803
Gussi Jereatt,95 Springs Point,El Paso,Texas,012
Dalis Saben,407 Dennis Point,Oklahoma City,Oklahoma,34607
Sidnee Rodson,137 American Ash Circle,Grand Junction,Colorado,9815
Stuart Davidowsky,54156 Russell Court,San Antonio,Texas,80451
Cass Benes,0 1st Parkway,Fort Lauderdale,Florida,12213
Em Jimenez,698 Sycamore Plaza,Fort Lauderdale,Florida,77955
Dasie Janjic,1 Stang Hill,Shreveport,Louisiana,04623
Caldwell Voss,29610 Aberg Point,Torrance,California,9
Nero Dacombe,84891 Park Meadow Way,Washington,District of Columbia,00
Debera Gamon,335 Jackson Junction,Grand Rapids,Michigan,82564
Alida Slocumb,91 8th Point,Sarasota,Florida,0619
Gisele Milley,439 Buena Vista Place,Charlotte,North Carolina,6
Skippy Sousa,5 Judy Junction,Billings,Montana,2118
Sandor Perfitt,5993 Summer Ridge Center,New York City,New York,160
Ezekiel Simoneau,5 Sunfield Crossing,Spartanburg,South Carolina,3786
Egor Rait,1 Northland Alley,Dayton,Ohio,504
Ariel Upstell,37619 Kinsman Avenue,Hartford,Connecticut,6
Ninetta Goodding,10150 Oak Valley Lane,Stockton,California,63603
Frank Sheerman,16 Carey Point,Charleston,West Virginia,0533
Abbe Rymell,61 Pankratz Street,Roanoke,Virginia,1
Ginny Cornewell,84 Blaine Street,Houston,Texas,5441
Wait Veall,26369 Southridge Terrace,Abilene,Texas,411
Angy Bound,6129 Huxley Pass,Paterson,New Jersey,66557
Lorena Bridges,1174 Linden Trail,Cleveland,Ohio,58614
Jonas Peddel,27073 Westport Junction,Charleston,South Carolina,193
Ariella Hucke,1 Aberg Park,New York City,New York,843
Jordain Trobey,57446 Mcguire Street,Portland,Oregon,80
Kerrin Haslen,40116 Pleasure Hill,Atlanta,Georgia,8099
Leigha Wellbelove,4443 Atwood Way,Fresno,California,934
Jessica Doorey,3318 Judy Avenue,Birmingham,Alabama,9754
Roxine Offell,66856 Clarendon Circle,Littleton,Colorado,15
Filippa Bartolomieu,3125 West Plaza,New Brunswick,New Jersey,14
Devin Puzey,1050 School Terrace,Tulsa,Oklahoma,1126
Maudie Losseljong,5 Norway Maple Lane,Carson City,Nevada,6
Costanza Gilbert,5 Toban Plaza,Fort Wayne,Indiana,65
Alissa Feldklein,5920 Tomscot Hill,Atlanta,Georgia,7
Aurel Metzel,36 Moose Drive,Las Vegas,Nevada,5257
Georgiana Briton,77 Londonderry Alley,Richmond,Virginia,6708
Aggy Patershall,52707 Meadow Ridge Terrace,Jackson,Mississippi,3974
Wittie Barnewelle,44 Washington Alley,Saint Paul,Minnesota,2688
Stefa Gowrie,85446 Summerview Parkway,Reston,Virginia,6
Giovanni Dullaghan,7325 Kingsford Point,San Jose,California,848
Zabrina Clutten,1957 Talisman Trail,Denver,Colorado,26
Jerrie Cocci,4359 Scoville Trail,Atlanta,Georgia,242
Davita Early,2 Blaine Court,Chicago,Illinois,626
Kristal Ollive,92 Goodland Pass,El Paso,Texas,53
Kathrine Paulmann,13937 Saint Paul Road,Las Vegas,Nevada,3564
Norine Eslinger,0078 Moulton Lane,San Mateo,California,6
Florian Plampeyn,268 Oxford Crossing,Denver,Colorado,69
Ferguson Lambell,0 Harper Park,Winston Salem,North Carolina,94
Yehudi Saurin,61 Warner Way,Miami,Florida,13
Ermina Grube,5595 Lakewood Gardens Center,Arlington,Virginia,3
Nehemiah Halfhide,09 Hooker Way,Charlotte,North Carolina,05
Noreen Chesshire,2 Troy Pass,Anchorage,Alaska,83514
Stace Polhill,2866 Esch Point,Washington,District of Columbia,471
Carmelina Willoughby,1854 Bellgrove Circle,Oklahoma City,Oklahoma,2
Anthea Gamell,1 Cody Point,Chicago,Illinois,7790
Celia Martinie,15697 Prairie Rose Terrace,El Paso,Texas,2118
Eugine Benezeit,25073 Anderson Crossing,Greenville,South Carolina,8015
Livvyy Scone,5 John Wall Trail,Oxnard,California,068
Aldwin Jeschner,1641 Dahle Point,Spartanburg,South Carolina,67700
Piotr Joppich,19 Gerald Circle,Cincinnati,Ohio,60203
Lona Ishaki,110 Dorton Plaza,Nashville,Tennessee,8078
Barclay Doudny,742 Kipling Terrace,Cincinnati,Ohio,1
Lurleen Rubinfeld,60194 Meadow Valley Road,Wichita Falls,Texas,39417
Dorothee Worsley,0 Declaration Trail,Tyler,Texas,1
Lynne Petteford,4165 Orin Avenue,Dayton,Ohio,9
Anett Hulett,8977 Claremont Street,Irving,Texas,189
Herby Lewer,3034 Golf View Park,Kansas City,Missouri,79448
Kipp Allnutt,66 Meadow Vale Lane,Irvine,California,38972
Sabra Clewarth,497 Basil Court,Anniston,Alabama,40748
Franny Opdenorth,7831 Rockefeller Circle,Fresno,California,73
Selig McDowell,290 Cottonwood Street,Washington,District of Columbia,73
Mufi Kenford,65 Buhler Way,Irving,Texas,90
Corene Greene,6020 Schlimgen Terrace,Salt Lake City,Utah,1079
Zedekiah Eveling,79753 Londonderry Circle,Fort Smith,Arkansas,3
Birdie Moscon,5 Carey Way,Memphis,Tennessee,7130
Nessy Fairbourne,37940 Fair Oaks Plaza,El Paso,Texas,0637
Harmon Colvie,739 Kropf Parkway,Jefferson City,Missouri,49
Brook Keiling,9 Sutherland Pass,Memphis,Tennessee,6
Morna de Keep,52 Moose Avenue,Pueblo,Colorado,6
Caryl Sabathe,61970 Washington Place,Young America,Minnesota,1
Grethel Boldero,372 Johnson Park,Las Vegas,Nevada,259
Melloney Trenam,62 Prairie Rose Way,Trenton,New Jersey,1
Nikki Rollason,5 Thierer Place,Pensacola,Florida,52845
Doria Pharrow,0 Veith Terrace,Seattle,Washington,0
Nev Fayne,2769 Golf View Drive,Fort Worth,Texas,81
Konstanze Ziems,7080 Debs Trail,Valdosta,Georgia,8
Alan Pierrepont,10 Ramsey Trail,Saint Louis,Missouri,02032
Andrej Rockliffe,5 Briar Crest Terrace,Reading,Pennsylvania,14
Cherye Hayselden,9159 Kennedy Pass,Austin,Texas,1
Kingsly Thebeau,903 Norway Maple Alley,Odessa,Texas,8
Farlee Finlow,4381 Elmside Plaza,Midland,Texas,15
Andy Wyllt,0054 Dawn Center,Cleveland,Ohio,931
Shelba Krol,83409 Independence Park,Waterbury,Connecticut,96
Debbie Sherwill,48 Monument Plaza,Santa Barbara,California,1505
Gaye Reddyhoff,9 Crescent Oaks Plaza,New Orleans,Louisiana,07151
Bobina Shirt,5 Blackbird Point,New Hyde Park,New York,87
Dolly Vautre,17 Almo Crossing,Fort Pierce,Florida,377
Roscoe Knatt,18 Upham Avenue,Baltimore,Maryland,363
Babbie Hedylstone,0523 Sullivan Drive,Columbus,Ohio,82
Tanner Camacho,3079 Havey Plaza,Largo,Florida,24
Dianne Ivens,92096 Crescent Oaks Crossing,New Haven,Connecticut,81494
Glenn Fellows,475 Golden Leaf Way,Winston Salem,North Carolina,03
Fallon Jery,92319 Mitchell Court,San Diego,California,66
Sonnie Emery,77 Hazelcrest Alley,Portland,Oregon,92
Ilene Gergher,190 Pleasure Park,El Paso,Texas,3
Stacey Whittleton,0 Brentwood Drive,Saint Louis,Missouri,6002
Kaspar Bisacre,79 Drewry Place,Miami,Florida,87
Archer Lowater,300 Melvin Pass,Fort Lauderdale,Florida,134
Ody Joan,19119 Cherokee Parkway,Fort Myers,Florida,7
Harriett Pankettman,82 Thompson Road,North Port,Florida,389
Natassia Sevior,325 Oneill Drive,Birmingham,Alabama,01
Cathie Lyosik,962 7th Way,Waterbury,Connecticut,46
Konstantin Lehrer,1260 Parkside Junction,Boise,Idaho,20925
Myles Laffin,7078 Homewood Center,Houston,Texas,06667
Mariann Loncaster,50471 Knutson Parkway,Sacramento,California,643
Oona Thornewill,947 Homewood Pass,Peoria,Illinois,55047
Geoffry Nowakowski,27722 Park Meadow Alley,Salt Lake City,Utah,90844
Lil Wehden,344 Merry Junction,Vancouver,Washington,58656
Moise Itzkovsky,1538 Harbort Center,Richmond,Virginia,34853
Clemmie O' Hanvey,77 Hoffman Street,Jacksonville,Florida,62
Bernice Kinglake,0 Carpenter Center,Springfield,Illinois,3
Had Bloyes,31 Sunfield Alley,Longview,Texas,29
Coral Lucio,004 Donald Street,Saint Petersburg,Florida,2112
Alphonso Booty,6796 Golf Circle,El Paso,Texas,198
Yolane Garrelts,302 Westridge Court,Houston,Texas,1196
Niki Dobbison,66 Jenna Court,Saint Paul,Minnesota,787
Clevie Loughead,93 Acker Road,Chicago,Illinois,835
Lorelle Lambol,3834 Badeau Junction,Kansas City,Missouri,85927
Rhianna Crawley,5 Westport Lane,Boulder,Colorado,10422
Jannelle Cluitt,9825 Lindbergh Place,Cleveland,Ohio,2981
Atlanta Tales,774 Jenna Hill,Redwood City,California,470
Beryl Brockelsby,9 Mccormick Avenue,Colorado Springs,Colorado,493
Juieta Whitsun,247 Park Meadow Junction,Boca Raton,Florida,1345
Raffaello MacCallum,60039 Loftsgordon Place,Nashville,Tennessee,1204
Melody Dicey,251 Loeprich Court,Cambridge,Massachusetts,8
Collin Cargen,744 Towne Street,Peoria,Arizona,5521
Constancy Nassi,9 Carpenter Park,Springfield,Massachusetts,43901
Quint Clougher,6667 Oak Hill,Riverside,California,427
Earvin Shackleton,2860 Di Loreto Crossing,Orlando,Florida,56605
Edy Haverson,1158 Manley Road,Flushing,New York,7
Jerrie Cherrett,60324 Meadow Valley Way,Albany,Georgia,6014
Quintilla Michele,491 Eagan Alley,Homestead,Florida,64
Oswell Machent,36 Delaware Trail,Huntington,West Virginia,8940
Sergent Locarno,929 Lakewood Gardens Way,Brooklyn,New York,2004
Micki Episcopi,1480 Fuller Court,York,Pennsylvania,967
Sherie Packham,25486 Comanche Trail,Montpelier,Vermont,247
Jana Fillgate,348 Meadow Vale Place,Las Vegas,Nevada,3
Dani Attle,0 Vermont Trail,Philadelphia,Pennsylvania,68
Frants Shawe,729 Granby Park,Colorado Springs,Colorado,33
Marlyn Chopin,11 Myrtle Parkway,Charleston,West Virginia,66479
Ashleigh Pirie,9666 Surrey Circle,Orlando,Florida,3250
Fianna Rosbottom,48 Stang Road,Lynchburg,Virginia,1580
Ileane MacCook,4131 Fallview Place,Phoenix,Arizona,31367
Celie Hoyles,95 Kensington Court,Newport News,Virginia,189
Evvy Barrett,23937 Meadow Ridge Park,Olympia,Washington,42388
William Drewry,4134 Blaine Plaza,Washington,District of Columbia,62117
Larine Whetnell,4 Holmberg Way,Washington,District of Columbia,269
Garrett Boaler,9008 Blackbird Terrace,Akron,Ohio,0597
Perry Brantl,669 Green Ridge Lane,Denton,Texas,49
Grete Benford,16 Hollow Ridge Trail,Homestead,Florida,3226
Dora McGairl,40 Barnett Center,Saint Louis,Missouri,8
Shawnee Bolitho,78260 Mallard Plaza,Lynchburg,Virginia,94
Fredric Linstead,067 Charing Cross Lane,Rochester,New York,09
Alayne Poveleye,58359 Muir Trail,Nashville,Tennessee,9
Dulcine Twentyman,031 Bashford Circle,Rochester,Minnesota,11
Phip Kemmis,7588 Briar Crest Place,Killeen,Texas,5890
Shay Langhor,7068 Hallows Court,Pittsburgh,Pennsylvania,81592
Darwin Snawdon,899 Debs Drive,Springfield,Massachusetts,1539
Zelma Hebner,569 Hazelcrest Circle,New Haven,Connecticut,31
Edan Leiden,1 Green Ridge Park,Denver,Colorado,197
Timoteo Redmire,5 Atwood Point,Reno,Nevada,289
Teresita Benterman,48 Longview Alley,Saint Paul,Minnesota,2
Danie Hurler,4 Fulton Center,Waterloo,Iowa,74
Adolphus Gailor,932 High Crossing Plaza,Washington,District of Columbia,5
Ave Conew,68 Macpherson Point,Petaluma,California,7077
Konstantin O'Sheils,7 Thompson Road,Orange,California,318
Wat Ferrandez,23725 Sugar Parkway,Englewood,Colorado,2430
Clarence Caton,36 Moulton Drive,Kansas City,Missouri,0
Dominick Lantuff,56217 Kropf Court,Philadelphia,Pennsylvania,913
Efrem Camin,0 Nevada Drive,Baton Rouge,Louisiana,2928
Payton Spere,65735 Emmet Circle,Fresno,California,69
Augustine Gibson,905 Talisman Center,Augusta,Georgia,76
Darrell Sherston,81 Emmet Drive,Washington,District of Columbia,383
Sheryl Temblett,6577 Main Way,Augusta,Georgia,30196
Penrod Thorneley,172 Rusk Junction,Newton,Massachusetts,936
Teriann Petrasso,70984 Reindahl Center,Amarillo,Texas,507
Corney Clemintoni,0092 Brentwood Pass,Lafayette,Louisiana,20
Teddy Dows,12 Dottie Alley,Washington,District of Columbia,815
Iorgos Rice,660 Di Loreto Way,Johnstown,Pennsylvania,0949
Thomas Eplett,1638 Merrick Place,Norwalk,Connecticut,5
Aleksandr Courtney,7 Judy Place,Memphis,Tennessee,5
Melisenda Cuerdale,24 Corry Hill,Lubbock,Texas,493
Lizabeth Bracer,1 Mariners Cove Drive,Clearwater,Florida,66614
Cyndia Gooders,29659 Claremont Circle,Memphis,Tennessee,851
Robbie Smiths,20968 Reindahl Pass,Clearwater,Florida,02
Barrett Standring,1 Homewood Park,Duluth,Georgia,1797
Elizabet Roddick,1568 Old Gate Alley,Sarasota,Florida,9139
Aloise Dable,769 Johnson Parkway,Jacksonville,Florida,89683
Clo Skelhorn,71 Oak Street,Oklahoma City,Oklahoma,4370
Perrine Weildish,90541 Fairfield Parkway,Lehigh Acres,Florida,5
Moe Hardeman,33 Annamark Park,Camden,New Jersey,47
Anton Spincks,5 Maple Circle,Carson City,Nevada,345
Jude Baxstair,0 Declaration Way,Los Angeles,California,45
Mattie McGucken,65094 Old Shore Junction,New York City,New York,98811
Abby Kirman,56 Bayside Lane,Sioux Falls,South Dakota,5708
Deedee Mullett,7 Spenser Plaza,Miami,Florida,2
Sebastian Plaistowe,2 Northland Park,Salem,Oregon,3
Emalia Howsden,34227 Hagan Hill,San Jose,California,85
Adair Bellow,05 Graceland Plaza,Carol Stream,Illinois,198
Marcela Caw,01 Namekagon Junction,Las Vegas,Nevada,08
Arlette Hanes,1577 Loftsgordon Court,Seattle,Washington,98827
Tamera Derham,92 Duke Parkway,Gaithersburg,Maryland,6
Eustacia Pennington,1 Schlimgen Alley,Plano,Texas,75
Thomasina Morrill,23 Ilene Crossing,Escondido,California,1741
Carver McCreedy,652 Oak Trail,Denver,Colorado,0
Jenica Domico,84239 Shoshone Lane,Harrisburg,Pennsylvania,3857
Dell Walkington,8 Miller Junction,San Antonio,Texas,596
Franny Barbery,0 Lillian Street,Tulsa,Oklahoma,546
Maddalena Whitmore,8845 Crest Line Road,Brockton,Massachusetts,073
Constantine L'oiseau,88506 Gale Pass,North Las Vegas,Nevada,50
Kaila Siggers,8 Mosinee Court,San Bernardino,California,35
Daffy Ovitz,23568 Ridgeview Alley,Shreveport,Louisiana,54463
Philomena Densham,3688 Mccormick Alley,Madison,Wisconsin,094
Trefor Oglevie,6218 Homewood Pass,Frankfort,Kentucky,16
Eddie Dulanty,5935 Hintze Alley,Hartford,Connecticut,79527
Ula Hammer,27270 Eliot Alley,Toledo,Ohio,17499
Sharon Raiker,27 Lawn Park,Richmond,Virginia,67640
Courtenay Dosedale,5 Shopko Trail,Brooklyn,New York,9534
Boycie Yoodall,5486 Blackbird Plaza,Birmingham,Alabama,53
Kelley Phipson,2382 Glacier Hill Terrace,Akron,Ohio,3543
Enid Sammut,4291 Marcy Court,Las Vegas,Nevada,1830
Shadow Asche,4 Laurel Center,Lakewood,Washington,81900
Kerry Jacobsz,5 Karstens Street,New York City,New York,5592
Grace Parnham,3016 Clyde Gallagher Hill,San Diego,California,4
Dulcie Voak,59 Continental Lane,Charlotte,North Carolina,27827
Riccardo Kibard,91 Rusk Place,Miami Beach,Florida,49
Alli Creffeild,1 Johnson Place,El Paso,Texas,553
Andriette Frake,1171 Shasta Park,Corona,California,77566
Pip Garrelts,560 Judy Alley,Toledo,Ohio,0263
Hanan Heijne,710 Oxford Drive,Bethesda,Maryland,19
Paco Levett,1998 Amoth Point,Jacksonville,Florida,74
Wendel Pimme,41 Farwell Alley,Hartford,Connecticut,2
Frankie Westhofer,827 Spaight Point,Las Vegas,Nevada,036
Erin Agirre,2332 Thackeray Plaza,Milwaukee,Wisconsin,85
Lianne Heenan,6 Harper Circle,Pittsburgh,Pennsylvania,830
Theodor Headings,147 Warner Junction,Brooklyn,New York,7
Elsinore Gounot,610 Monterey Place,Salt Lake City,Utah,88
Claudius Knowler,633 Reinke Junction,Philadelphia,Pennsylvania,4669
Inga Boggas,65548 Chive Pass,Detroit,Michigan,939
Veriee Hymer,3581 Badeau Parkway,Hamilton,Ohio,45319
Tomas Trees,67734 Northview Park,Vancouver,Washington,230
Lark Glenn,09 Clarendon Center,Lubbock,Texas,05949
Minnaminnie Fenech,564 Manufacturers Point,Fort Lauderdale,Florida,60730
Nonie Clemson,7539 Hovde Hill,North Little Rock,Arkansas,3
Elaine Battram,959 Marquette Way,Van Nuys,California,661
Hyman Asp,52 Twin Pines Place,Oakland,California,10711
Isobel Raselles,50 Mesta Pass,Sarasota,Florida,539
Virgilio Ledrun,43185 Starling Street,New York City,New York,0406
Ethel Beadnell,122 Emmet Junction,San Antonio,Texas,0
Fields Hauger,792 Hazelcrest Road,Des Moines,Iowa,3
Glynn Tonner,9 Fuller Parkway,Memphis,Tennessee,884
Carmen Autie,54683 Fairview Street,San Jose,California,32026
Jourdain Chichgar,2688 Cardinal Lane,Albany,New York,745
Parrnell Brotherhed,48 South Drive,Virginia Beach,Virginia,045
Fawn Bresnahan,96593 Service Pass,Camden,New Jersey,02853
Roddie Darque,37 Northport Pass,Santa Cruz,California,43
Lawrence Tremethack,2576 Katie Alley,Cincinnati,Ohio,5
Mauricio Creenan,05 East Park,Long Beach,California,78
Karl Downage,75 Fairview Drive,Decatur,Illinois,7055
Pattin Hindsberg,74 Ridge Oak Drive,Cheyenne,Wyoming,4
Curtice Clemanceau,41 Fremont Drive,Milwaukee,Wisconsin,6
Jilly Enns,4 Ronald Regan Alley,Miami,Florida,6
Jennee Gale,5591 Dorton Avenue,Reno,Nevada,890
Sonya MacPhail,467 Marquette Drive,Chicago,Illinois,702
Althea Forstall,47 Kedzie Alley,Lexington,Kentucky,1102
Nananne De Marchi,0 Mariners Cove Parkway,Oklahoma City,Oklahoma,34
Teddy McGrudder,3 Barnett Parkway,Phoenix,Arizona,434
Wyndham Aberdein,484 Hovde Court,Lafayette,Louisiana,702
Foster Hemeret,8709 Orin Way,Richmond,Virginia,98
Lyndell Addicott,118 Anderson Junction,Washington,District of Columbia,924
Ayn Hawket,8956 Fairview Park,Fort Wayne,Indiana,4
Lyon Sekulla,429 Wayridge Street,Huntsville,Alabama,6496
Leeanne Cardenas,962 Lakewood Gardens Parkway,San Antonio,Texas,7
Cammi Plowell,366 Scoville Crossing,Seattle,Washington,3908
Trent Dutt,918 Bunting Park,Kansas City,Kansas,5494
Dulciana Dreghorn,934 Killdeer Street,Katy,Texas,72263
Town Wontner,662 Corscot Terrace,Washington,District of Columbia,18446
Mireielle Howie,50 Burrows Trail,Bethlehem,Pennsylvania,20203
Chalmers Marlowe,57 Bay Point,Long Beach,California,835
Annabela Schechter,0 Grasskamp Circle,Kansas City,Kansas,7
Jedd Kearley,5633 Melody Crossing,Norfolk,Virginia,676
Duff Dulson,0102 Manley Road,Wichita,Kansas,14213
Tobie Martino,71 Sunbrook Parkway,Austin,Texas,04
Leoine Kitt,704 Burrows Plaza,Inglewood,California,3
Kimmy Sabin,2680 Ridgeway Way,Charlotte,North Carolina,662
Orlando Sills,03233 Sherman Point,Fresno,California,830
Kellyann Boorne,6 Logan Parkway,Bakersfield,California,09
Ardelis Le Guin,8602 Burrows Avenue,Houston,Texas,23527
Mara Corzon,7 Hermina Place,San Jose,California,92002
Pollyanna Pask,20845 Dawn Hill,Amarillo,Texas,436
Giorgio McVaugh,9 Sundown Pass,Jersey City,New Jersey,61
Rufe Prover,274 Arkansas Pass,Vero Beach,Florida,80729
Berna Bolduc,0504 Arrowood Point,Colorado Springs,Colorado,12
Dominica Duffie,72 Linden Road,Pittsburgh,Pennsylvania,02
Trudey Counsell,0967 Shelley Plaza,Columbia,South Carolina,7134
Ira Howsley,8485 Thompson Street,Providence,Rhode Island,5
Star Tanner,339 Elka Parkway,Gary,Indiana,66337
Deck Eveleigh,45 Ryan Junction,Brooklyn,New York,94
Lind Cudby,6747 Surrey Avenue,Springfield,Illinois,00975
Chic Corradi,85956 North Road,Los Angeles,California,22188
Ring Buffery,5414 Beilfuss Junction,Columbus,Ohio,43123
Wilden Paddell,2 Arrowood Terrace,Houston,Texas,171
Laurence Colcutt,5 Main Crossing,New York City,New York,0434
Ibby Bernardot,38 Debs Alley,Littleton,Colorado,1
Garner Paskell,377 Nobel Crossing,Norfolk,Virginia,4752
Dotty Diggle,94 Hudson Lane,Albuquerque,New Mexico,2471
Madelon Sammes,370 Grayhawk Parkway,Oklahoma City,Oklahoma,07758
Iosep Kyme,4583 Luster Alley,Memphis,Tennessee,24534
Lorin Houten,83527 Scott Place,New York City,New York,4
Wallis Scneider,7933 Tennessee Hill,Miami,Florida,5
Annissa Olsson,11 Shoshone Park,Waco,Texas,60497
Jeannie Larn,1048 Service Place,Baton Rouge,Louisiana,1743
Emmey Pechet,75 Harbort Drive,Grand Forks,North Dakota,61404
Sly Gorring,73754 Delaware Drive,Bethesda,Maryland,1
Lian Klemencic,5 South Way,Bloomington,Illinois,56393
Estele Schoenleiter,5 Anderson Terrace,Tallahassee,Florida,06050
Antonie enzley,39696 Clyde Gallagher Circle,Orlando,Florida,441
Tracie Ripping,54 Bayside Terrace,San Jose,California,6
Eloise Sherland,6 Blue Bill Park Avenue,Odessa,Texas,615
Jeniffer McCrackan,7 Mariners Cove Crossing,Los Angeles,California,4745
Vincenty Deighton,1 Heath Park,Dallas,Texas,24762
Jermaine Bogges,7334 Warrior Circle,El Paso,Texas,7
Jermaine Thaine,8 Clemons Trail,Long Beach,California,689
Inger Gaddes,13067 Mesta Way,Seattle,Washington,10
Morna Grigg,1 Monterey Place,New York City,New York,2
Lindon Chown,024 Washington Road,Oakland,California,2080
Willie Fawdery,96 Cascade Lane,Baton Rouge,Louisiana,5
Harmonia Bricklebank,7782 East Parkway,Iowa City,Iowa,9288
Bobbe Orrett,6 Anniversary Trail,Young America,Minnesota,841
Heddi Fragino,58 Ridge Oak Parkway,Charlotte,North Carolina,1978
Cathy McClymond,20232 Eliot Lane,Lehigh Acres,Florida,762
Gwenny Egdal,22488 La Follette Trail,Topeka,Kansas,63523
Vera Brimmell,50099 Elmside Circle,Saint Louis,Missouri,9053
Amos Sines,1173 Monument Lane,Phoenix,Arizona,09686
Margie Iddison,4 Bashford Hill,Pittsburgh,Pennsylvania,662
Claudette Pitrollo,5 Fair Oaks Court,Pensacola,Florida,9
Hayes Swann,319 Goodland Hill,Conroe,Texas,34
Ilario Lakeman,28018 Buell Junction,Chicago,Illinois,41
Farah Moorman,18485 Burning Wood Trail,Montpelier,Vermont,4
Ketti Burnhams,0837 Shasta Junction,Hollywood,Florida,44535
Aila Northill,70 Luster Alley,Hampton,Virginia,8
Onfroi Bleiman,0917 Springview Alley,Tucson,Arizona,31990
Briana Darycott,0750 American Ash Avenue,Chicago,Illinois,52567
Waldemar McKyrrelly,01043 Kinsman Lane,Minneapolis,Minnesota,56307
Eugenia Blankau,21 Hauk Court,Salt Lake City,Utah,8271
Phoebe Levings,29918 Merrick Alley,New York City,New York,85056
Camala Grassett,76605 Westport Circle,Wilkes Barre,Pennsylvania,287
Jill Nisot,5 Menomonie Drive,New Orleans,Louisiana,7295
Margarette Shaylor,616 Thackeray Plaza,Macon,Georgia,73
Barnabe Hutten,58 Ridgeview Way,Odessa,Texas,37803
Brian Jenny,17 Graceland Road,Pittsburgh,Pennsylvania,8
Catina D'Adda,6045 Chive Parkway,Tulsa,Oklahoma,0
Stacee Kettley,65001 Di Loreto Hill,Houston,Texas,07465
Munroe Sterzaker,772 Luster Road,Hot Springs National Park,Arkansas,34
Camellia Pallas,416 Brickson Park Road,Lakeland,Florida,316
Willie Voce,923 Quincy Road,Denver,Colorado,37412
Terrie Pulman,388 Laurel Hill,Kansas City,Missouri,7260
Celine Beatson,3 Sheridan Junction,San Bernardino,California,104
Vitoria Polin,2 Macpherson Road,Mobile,Alabama,04693
Pablo Dearlove,0791 Amoth Crossing,Mobile,Alabama,56134
Jonah Anthoin,96 Judy Place,Buffalo,New York,23
Hedy Geare,43 Jay Way,Kansas City,Kansas,3971
Josias Carthew,59 Del Sol Alley,El Paso,Texas,3093
Arlette Moloney,77 Anniversary Hill,Houston,Texas,14
Talya Blaxall,535 Hallows Pass,El Paso,Texas,5
Danette Rodie,13 Del Mar Court,Madison,Wisconsin,5
Berny Attenburrow,824 Ryan Junction,Port Saint Lucie,Florida,3835
Rozalin Landy,4806 Novick Pass,Paterson,New Jersey,620
Delbert Inge,3745 Straubel Lane,Phoenix,Arizona,151
Cornie Fulbrook,62 Rockefeller Avenue,Erie,Pennsylvania,049
Wes Bratch,49 Nevada Plaza,Tampa,Florida,094
Leonore Trevaskus,1292 Russell Trail,El Paso,Texas,02603
Edvard Pedwell,5427 Barby Park,Chicago,Illinois,554
Lenard Gash,330 Delladonna Terrace,Spokane,Washington,584
Roslyn Gelsthorpe,9 Elmside Avenue,Jefferson City,Missouri,01
Rosalie Bragger,82147 Mallard Drive,Schaumburg,Illinois,3
Emmeline Garber,22 Melvin Park,Pittsburgh,Pennsylvania,6057
Edd Robertucci,82397 La Follette Street,Amarillo,Texas,83
Payton Sarchwell,26409 Bartelt Hill,Bloomington,Indiana,51009
Annadiane Tumelty,9763 Spohn Plaza,Philadelphia,Pennsylvania,18074
Creight Braybrook,28264 Waywood Terrace,Atlanta,Georgia,259
Diarmid Barends,74 Namekagon Avenue,Chandler,Arizona,838
Tori Scotsbrook,97 Ridge Oak Terrace,Southfield,Michigan,7570
Ardelia Hearne,7758 Red Cloud Pass,Norwalk,Connecticut,945
Sisile Jansa,77 Scofield Court,Vero Beach,Florida,247
Toddie Lauderdale,2 Valley Edge Place,Houston,Texas,4756
Ardella Caldecutt,16 Pierstorff Road,Madison,Wisconsin,6
Daren Bilbrooke,749 Maywood Center,Sandy,Utah,8
Berti Gaylord,49 Stone Corner Avenue,Saint Paul,Minnesota,109
Pattie Keattch,91489 Debs Point,Sacramento,California,59
Bryon Baddow,5260 John Wall Junction,Albuquerque,New Mexico,96446
Wendy Beardshall,21 Del Sol Hill,Beaverton,Oregon,5098
Rusty Guiver,559 Loftsgordon Way,Bronx,New York,8751
Bentley Morbey,7076 Prairieview Crossing,Indianapolis,Indiana,3
Blanca Traske,933 Scott Terrace,San Bernardino,California,77
Cornelle Arnald,689 Bluejay Terrace,Washington,District of Columbia,058
Marne McIlvaney,30 Stuart Way,Brooklyn,New York,2
Ray Stopher,564 Waubesa Parkway,Zephyrhills,Florida,7357
Dale Peile,705 Farmco Plaza,Littleton,Colorado,6623
Jacob Bichard,0669 Golf Lane,Hartford,Connecticut,638
Iorgos Bloxsum,537 Tennyson Trail,Boston,Massachusetts,55576
Westbrooke Scroggs,67840 Bultman Way,Providence,Rhode Island,0216
Bethanne Amberson,06694 Center Avenue,New Orleans,Louisiana,8868
Rockie Eykelbosch,808 Ridgeview Street,Jersey City,New Jersey,13550
Adelaida Finlater,0311 Menomonie Hill,Washington,District of Columbia,2
Janella Elgar,5587 Mcbride Alley,Milwaukee,Wisconsin,0
Joelie Sowersby,43758 American Court,Anaheim,California,64
Ambrose Cescon,8975 Utah Terrace,Newark,New Jersey,545
Cassie Boole,1 Esch Lane,Cincinnati,Ohio,5808
Arni Nicholes,5 John Wall Hill,Denver,Colorado,1
Waylen Etienne,58622 Fair Oaks Avenue,Portland,Oregon,600
Theressa Hucker,7 Caliangt Pass,Salt Lake City,Utah,2999
Merle Elks,43648 Clyde Gallagher Terrace,Dallas,Texas,0550
Timi Carbine,41 Elgar Plaza,Arlington,Virginia,89
Catherina Avard,17 Charing Cross Center,San Jose,California,433
Jerad Gypson,01862 Superior Court,New York City,New York,72
Joella Marchington,025 Basil Plaza,Dallas,Texas,23
Glenda Twidale,2940 Darwin Alley,Montgomery,Alabama,97
Ossie Dunsford,679 Columbus Pass,Washington,District of Columbia,920
Celestyna Ind,1924 Ridge Oak Terrace,Roanoke,Virginia,25105
Madella Wylie,9342 Northfield Crossing,Austin,Texas,6
Kincaid Jacop,5616 Sherman Court,Fort Worth,Texas,3
Avrit Heak,5 Manufacturers Park,Shreveport,Louisiana,82407
Emeline Jarret,51 Grover Junction,Battle Creek,Michigan,2272
Kelcie Rowantree,65 Kenwood Terrace,Houston,Texas,19973
Dorian Cartlidge,79 Ridgeway Parkway,Houston,Texas,46
Osgood Clashe,86 Canary Plaza,Omaha,Nebraska,38
Gaylor Lotze,33 Prairieview Avenue,Hartford,Connecticut,4872
Giraud Ilem,40 Reindahl Parkway,Detroit,Michigan,036
Arturo Maxwaile,74 Dapin Terrace,Salt Lake City,Utah,407
Dex Heustace,5 Memorial Trail,San Jose,California,5
Lodovico Monaghan,319 Mcguire Point,Savannah,Georgia,7425
Sarine Copyn,78149 5th Junction,Saint Paul,Minnesota,57
Daisie Cowcha,083 Dexter Parkway,Dallas,Texas,5024
Taddeo Crossby,61 Elka Trail,Fargo,North Dakota,991
Moll Balsom,159 Cordelia Parkway,Waterbury,Connecticut,33467
Netta Pountain,43025 School Circle,Washington,District of Columbia,519
Dido Jayne,267 Bartelt Center,Sparks,Nevada,79590
Dallas Greguol,586 Logan Street,Roanoke,Virginia,345
Codi Keeves,8050 Rowland Hill,Athens,Georgia,573
Manda Blanning,93156 International Park,Little Rock,Arkansas,0
Delano Blader,78 Stang Road,Youngstown,Ohio,67
Gretta Darkin,7 Barnett Trail,Norwalk,Connecticut,29
Alicea Betteriss,6516 Jenifer Avenue,Louisville,Kentucky,7599
Catarina O'Concannon,6823 Milwaukee Point,Las Vegas,Nevada,54929
Samuele Grimestone,8674 Tony Parkway,Stamford,Connecticut,4531
Floris Mewett,3 Toban Court,Oklahoma City,Oklahoma,6438
Linc Fiorentino,8 Sauthoff Junction,Detroit,Michigan,57
Xever Exposito,0 Bay Street,Lake Worth,Florida,713
Roxanne Mulles,0 Russell Circle,San Francisco,California,1
Terese Cereceres,235 Del Mar Point,Phoenix,Arizona,971
Florina Laurentino,7 Butterfield Junction,Saint Louis,Missouri,8
Silvia Paulus,2702 Spenser Parkway,San Jose,California,80
Zorana Howgego,25162 Pawling Terrace,Charlotte,North Carolina,85256
Jayme Teal,4 Fulton Place,Jacksonville,Florida,245
Brigg Childes,50491 Buhler Road,Des Moines,Iowa,7
Teodoro Aberhart,71784 Rieder Hill,Washington,District of Columbia,1588
Timmy Shurmer,180 Lakeland Hill,Wichita,Kansas,50
Dominik Bussetti,75 Morning Hill,Stockton,California,79
Lydia Buzek,02647 Petterle Parkway,Ventura,California,2
May Hyams,380 Independence Center,Stockton,California,1
Sue Element,3 Eastlawn Park,Louisville,Kentucky,55802
Mellisa Stanlack,41 Lakewood Gardens Way,San Antonio,Texas,41923
Daniele Linwood,6379 Golden Leaf Junction,Honolulu,Hawaii,644
Hughie McNeachtain,1242 Shoshone Alley,South Bend,Indiana,158
Alysia Moar,231 Bunker Hill Park,Lincoln,Nebraska,419
Myles Tomankiewicz,924 Eagle Crest Street,North Hollywood,California,662
Flin Rotham,6145 Magdeline Street,New York City,New York,81
Waite Cowpland,9 Washington Lane,Memphis,Tennessee,6
Pamela Sealeaf,0 Bluestem Center,Salt Lake City,Utah,30815
Hermine Flatman,54158 Milwaukee Drive,Fort Worth,Texas,8535
Jamey Horlock,52537 Kennedy Street,Little Rock,Arkansas,3
Gisela Geator,13 Heffernan Center,Charlotte,North Carolina,5
Cami Rothon,84 Portage Hill,Denver,Colorado,3
Elvina MacPadene,40154 Namekagon Drive,Louisville,Kentucky,97654
Alleyn Toffts,342 Mallory Plaza,Cheyenne,Wyoming,781
Henrie Beathem,71 Russell Parkway,Chula Vista,California,97392
Ewen Cleghorn,70 Holy Cross Trail,Washington,District of Columbia,708
Odille Dericut,8744 Mesta Lane,Tucson,Arizona,13
Horten Wroe,05 Leroy Point,Norwalk,Connecticut,09684
Lizzy Dowsing,92963 Burning Wood Court,Houston,Texas,292
Ainslie Ashcroft,28 Carpenter Parkway,El Paso,Texas,2
Care Lillie,1 Mandrake Hill,Glendale,Arizona,0055
Adiana Jedraszek,82 Rockefeller Street,Inglewood,California,9
Marybelle Halms,870 Karstens Junction,Cedar Rapids,Iowa,94635
Monroe Cantor,48400 Truax Alley,El Paso,Texas,60
Carena Guerrieri,99073 Judy Terrace,Washington,District of Columbia,85502
Felecia Twelve,7 Hovde Drive,Baltimore,Maryland,6750
Rochette Edes,185 Carberry Drive,Richmond,Virginia,93288
Guillemette Desorts,77868 Buhler Point,Reston,Virginia,19784
Lyndy Brotherton,7162 Esch Way,Johnstown,Pennsylvania,7
Berkly Oakenfall,96 Alpine Junction,Pittsburgh,Pennsylvania,409
Lesley Caudelier,58486 Artisan Circle,Washington,District of Columbia,63741
Gerry Beartup,58803 Bonner Drive,Chico,California,88
Leodora Spiers,50762 Columbus Center,San Jose,California,547
Joeann Damerell,4051 Superior Pass,Washington,District of Columbia,47101
Corney Bohlin,641 Lighthouse Bay Circle,Kissimmee,Florida,20405
Catharine Laible,9 Mandrake Drive,Englewood,Colorado,20
Gloria MacWilliam,1686 Homewood Point,Reno,Nevada,32
Karel Perrelle,8 Bellgrove Hill,Spartanburg,South Carolina,39
Arvy Springell,34542 Anhalt Lane,Memphis,Tennessee,048
Ingra Waistell,3178 3rd Plaza,San Jose,California,6
Berny Larratt,72 Debra Hill,San Antonio,Texas,459
Adelind Seally,91552 Forster Hill,Young America,Minnesota,424
Ravid McCall,7 Monument Road,Miami,Florida,333
Hermie Calrow,71 Duke Lane,Houston,Texas,971
Nolan Maplethorpe,6712 Hayes Lane,Louisville,Kentucky,162
Ludovika Evens,84167 Maywood Circle,Dallas,Texas,16
Waite Bisseker,7 Harbort Street,Salt Lake City,Utah,65
Binky Greeveson,7217 Dorton Point,Saint Louis,Missouri,38
Theo Blackly,3 Heath Avenue,Newton,Massachusetts,691
Ganny Streetley,8 Montana Parkway,Inglewood,California,6
Sascha Rosas,97741 Hintze Plaza,Springfield,Massachusetts,7967
Skip Yakunchikov,916 Dayton Hill,Carol Stream,Illinois,7920
Ashia Hankey,2604 Sachs Drive,Fort Smith,Arkansas,9
Gal Leedal,0 Scott Pass,Charlotte,North Carolina,46
Benny Bugler,7737 Colorado Way,Lynchburg,Virginia,26
Nicoli Madner,1426 Brentwood Hill,Rochester,New York,2
Sansone Vanacci,338 Mayer Point,Sacramento,California,643
Melanie Inmett,55401 Oneill Court,Grand Rapids,Michigan,257
Rivy Blumire,85177 Ridge Oak Hill,Eugene,Oregon,55
Corbin Jellicorse,08 Saint Paul Crossing,Washington,District of Columbia,59
Pearle Sidery,22 Jana Junction,Santa Ana,California,1
Traver Sycamore,860 Eagan Trail,San Jose,California,7888
Denna Simmon,661 Tennyson Pass,Greeley,Colorado,313
Corilla Ronchetti,56204 Ruskin Hill,Olympia,Washington,7019
Bernadene Faust,1 Nobel Terrace,Juneau,Alaska,71331
Madalyn Orcas,2008 Ludington Hill,Sandy,Utah,75114
Oneida Rodbourne,76 Schlimgen Street,Albany,New York,0789
Leupold Giamo,91436 Londonderry Pass,Oklahoma City,Oklahoma,8
Bailey Fellnee,3280 Emmet Plaza,Columbus,Mississippi,96502
Ezechiel Howsego,89589 Pierstorff Terrace,Portland,Oregon,567
Christoforo Kiebes,21848 3rd Circle,Palmdale,California,6983
Gino Swaine,1650 Cody Plaza,Pittsburgh,Pennsylvania,7
Raynard Moline,821 Stang Terrace,Peoria,Illinois,9
Berna Arkle,993 Rutledge Plaza,New Orleans,Louisiana,75
Judon Wallicker,197 Lakewood Avenue,Saint Louis,Missouri,69666
Eda Emeline,0401 Fallview Pass,Charlotte,North Carolina,3448
Gordie McCrainor,70314 Lukken Point,Minneapolis,Minnesota,3196
Merralee Kiddye,740 Holy Cross Way,Montgomery,Alabama,701
Marcellina Lynn,90 Jackson Park,Littleton,Colorado,9053
Hector Willgoss,5492 Schurz Crossing,Austin,Texas,75145
Jaye Crain,17038 Laurel Lane,Fairfax,Virginia,8122
Tilda Zieme,203 Mendota Terrace,Cincinnati,Ohio,7064
Adolpho Igglesden,67403 Glacier Hill Trail,Brooklyn,New York,19
Ruthy Maginot,026 Burning Wood Lane,Green Bay,Wisconsin,1793
Ermina Hatherley,21 Sachtjen Road,Beaumont,Texas,70625
Shel Hatzar,9534 Namekagon Way,Springfield,Illinois,6089
Sarajane Beininck,81029 Spohn Court,Wichita,Kansas,399
Deedee Attenborrow,1220 Farragut Court,New York City,New York,0
Gordon Keggins,3272 Hagan Junction,Spartanburg,South Carolina,0498
Kerr Morrowe,0988 Shopko Alley,Louisville,Kentucky,65
Felipe Adie,6411 Aberg Circle,Tyler,Texas,03298
Danny Daysh,57 Ramsey Lane,Englewood,Colorado,020
Fredi Hubatsch,5475 Shelley Plaza,Jamaica,New York,993
Virgie Snaden,48 Melrose Trail,Warren,Michigan,83657
Orville Whiterod,7 Cambridge Way,Louisville,Kentucky,12
Tobiah Unwin,4 Logan Place,Scranton,Pennsylvania,83128
Jania Jolliff,3782 Delaware Parkway,Saint Louis,Missouri,7317
Mariette Marling,8 Almo Street,Atlanta,Georgia,87632
Arturo Iacobini,76 Truax Trail,Beaverton,Oregon,083
Mario Ruffell,45 Reinke Drive,Lexington,Kentucky,8
Nat Neill,550 High Crossing Center,Jacksonville,Florida,5
Donielle Trinbey,9 Fair Oaks Court,Irving,Texas,48949
Harman Mendus,630 Sutteridge Center,El Paso,Texas,41444
Bridie Le Houx,39 Mifflin Way,Des Moines,Iowa,7480
Nertie Arnet,0 Victoria Place,Lakewood,Washington,6774
Dori Dearness,862 Buena Vista Pass,Valdosta,Georgia,384
Flynn Rodgier,1 Dorton Lane,Tampa,Florida,900
Gavrielle Deehan,3 Longview Avenue,Sioux City,Iowa,64
Brenda Benthall,40 Lawn Street,Seattle,Washington,2
Rhody McLagan,835 Goodland Street,Wilmington,North Carolina,2351
Luise Halesworth,93196 Holmberg Street,Newark,New Jersey,70
Delmer Pail,3411 Stephen Plaza,Jefferson City,Missouri,29962
Lucina McCloch,177 Londonderry Plaza,Norfolk,Virginia,24620
Carita Conti,43733 Farwell Parkway,Pinellas Park,Florida,79739
Sylas Chaize,71319 Waubesa Alley,Burbank,California,3
Larina Michelin,4602 School Place,Los Angeles,California,33
Leonidas Cutchie,24 Independence Park,Norwalk,Connecticut,343
Rollin Frosch,8114 Village Alley,Richmond,Virginia,266
Sean Fielder,22 Raven Hill,Dayton,Ohio,15370
Tessa Duthie,4408 Forster Lane,Santa Ana,California,8
Rania Stollenwerck,04 Oakridge Pass,Brooklyn,New York,0
Maryann Tunaclift,7093 Holy Cross Point,Shreveport,Louisiana,1
Delphinia Alywin,8 Kropf Place,Shreveport,Louisiana,22
Sib Beteriss,6510 Arizona Pass,Syracuse,New York,59567
Muhammad Bampfield,52 West Lane,Las Vegas,Nevada,3570
Gonzalo Moger,446 Sycamore Street,Philadelphia,Pennsylvania,39744
Charmane Rutty,84 Sunnyside Way,Birmingham,Alabama,3755
Zoe Philippault,05 Anhalt Way,Evansville,Indiana,8
Sigmund Edlyn,86 Fulton Park,Philadelphia,Pennsylvania,7047
Benoite Vinter,3 Prairie Rose Point,Aurora,Colorado,03
Denise Surmon,56042 Claremont Circle,Birmingham,Alabama,4
Llewellyn O'Carran,94 Longview Crossing,Denver,Colorado,171
Anatole Coger,189 Fairfield Circle,Chicago,Illinois,15
Bernadina Docket,89530 Badeau Point,San Antonio,Texas,4
Corry Oxx,1 Carberry Alley,San Jose,California,2973
Corbin Abdon,702 Jackson Court,Englewood,Colorado,5932
Benn Deavin,64 Memorial Circle,Salt Lake City,Utah,25
Rand Moulson,0 Hanson Lane,Louisville,Kentucky,794
Beverie Leitche,8551 American Ash Park,Valley Forge,Pennsylvania,2624
Annabel Hawkeswood,507 Merchant Terrace,Reno,Nevada,42
Fabe Kieff,4 Merchant Lane,Wilmington,North Carolina,31585
Candide Froude,38 Bellgrove Alley,Fort Wayne,Indiana,6223
Merrily Lammiman,8 Mendota Plaza,Boston,Massachusetts,1
Farrah Shave,7 Bobwhite Plaza,Pittsburgh,Pennsylvania,4015
Arny Tiler,80 Oneill Junction,Duluth,Georgia,40
Amabelle Sambidge,39342 Walton Alley,Richmond,Virginia,836
Sybille Inold,5958 Hazelcrest Center,Tulsa,Oklahoma,9779
Aubrie Fearnill,09 Carioca Park,Louisville,Kentucky,59452
Gratiana Splain,09322 Sage Drive,Jacksonville,Florida,51080
Roseann Huc,86 David Terrace,Waterbury,Connecticut,403
Gerhardt Kiley,2 Stone Corner Point,Norfolk,Virginia,87
Perceval MacDwyer,94 Logan Avenue,Salt Lake City,Utah,8
Licha Kenwood,7 Maple Park,Dayton,Ohio,04122
Bonnee Sasser,9 Nelson Alley,Spokane,Washington,2
Pavel Kemmer,19299 Sachs Street,Portland,Oregon,679
Thorn Waiting,389 Union Hill,Bethesda,Maryland,0476
Obie Durnall,30092 Sullivan Parkway,Lexington,Kentucky,551
Noland Union,37 Gateway Trail,New York City,New York,80
Clementina Semerad,9595 Jay Plaza,Wilmington,Delaware,840
La verne Britcher,9 Fairfield Drive,Gary,Indiana,055
Fin Late,008 Fairfield Place,Rochester,New York,796
Paten Yegorshin,25968 Northport Plaza,Carson City,Nevada,4038
Colman Howden,80499 Sommers Place,Grand Rapids,Michigan,7290
Anny Measures,2 Dayton Point,San Francisco,California,49999
Lothaire Fishley,16569 Kipling Parkway,Homestead,Florida,0693
Evie Maybey,5 Stoughton Avenue,Albuquerque,New Mexico,22965
Matty Ponnsett,20 Ridgeview Avenue,Saint Paul,Minnesota,13
Margalo Chopping,801 Chive Point,Columbus,Ohio,40663
Halley Tanfield,82 Dunning Park,Rochester,New York,7961
Robbi Grigg,34387 Mendota Road,Washington,District of Columbia,95252
Ulrick Sadry,62 Ruskin Street,Wichita,Kansas,45
Werner Tysack,897 Hauk Park,Charleston,West Virginia,432
Staci Stag,3 Pepper Wood Alley,Seattle,Washington,59
Lucky Savatier,01 Canary Drive,Washington,District of Columbia,522
Cherilynn Wride,4 Londonderry Park,Sioux City,Iowa,51
Patin McRorie,72412 Hallows Circle,Fort Wayne,Indiana,531
Zechariah Prentice,245 Weeping Birch Point,Roanoke,Virginia,5385
Leonard Gloy,668 Steensland Way,Stockton,California,1448
Anatola Moodycliffe,8099 Pearson Parkway,Columbus,Ohio,2247
Peyter Clemits,78688 Del Mar Point,Baton Rouge,Louisiana,05382
Dana Curnnok,30 Basil Avenue,Whittier,California,84133
Alard Hayle,9 Autumn Leaf Avenue,Gainesville,Florida,1
Felita Manketell,5694 Paget Place,New York City,New York,4
Roosevelt Meech,7 Green Ridge Junction,Phoenix,Arizona,6
Culver Ovendon,0800 Tennyson Center,Philadelphia,Pennsylvania,31
Esdras Gallehawk,00 Eagle Crest Street,Columbus,Ohio,24924
Toinette Revening,33 Holy Cross Avenue,Cincinnati,Ohio,530
Sarina Bengtsson,637 Packers Court,Jackson,Tennessee,73
Symon Mildner,95 Stuart Crossing,Hartford,Connecticut,60
Seward Ritson,19 Ronald Regan Point,Rockford,Illinois,15857
Joy Cosford,6016 Moland Street,Albany,New York,60
Wyndham Livingstone,2929 Hintze Park,Olympia,Washington,7996
Norrie Brinded,86 Independence Junction,Silver Spring,Maryland,1
Celine Hynde,57783 Hovde Place,Los Angeles,California,367
Ricki Harme,50 Monterey Place,Waco,Texas,6
Dorita Dana,3982 Donald Alley,Katy,Texas,745
Staffard Eakin,31112 Starling Lane,Panama City,Florida,43247
Deloris Vanyarkin,94 Maywood Place,Jamaica,New York,315
Gaspar Downton,130 Namekagon Pass,New York City,New York,212
Brandtr Dugdale,5 Monica Trail,Portland,Oregon,88833
Eziechiele Jobes,8408 Warbler Plaza,San Diego,California,60
Keelby Fairbridge,15786 Jana Circle,Baltimore,Maryland,8796
Caritta Duddle,26214 Basil Way,San Jose,California,7
Lisabeth Vassar,1936 Carey Crossing,Miami,Florida,81
Tobie Rowbottom,200 Longview Crossing,Washington,District of Columbia,7277
Dodie Matsell,963 Cardinal Hill,Chico,California,590
Aurthur Lighten,4 Bunting Point,El Paso,Texas,231
Lebbie Craufurd,24 Leroy Way,Corpus Christi,Texas,4
Orelia Widdall,7 Gateway Terrace,Anaheim,California,295
Corrina Nock,97 6th Court,San Francisco,California,39
Pail Pumphrey,1 Troy Parkway,Saint Louis,Missouri,178
Kin Longley,0382 Gale Plaza,Baton Rouge,Louisiana,9
Inge Sketcher,92166 Center Plaza,Birmingham,Alabama,8272
Evanne Toffler,6909 Farwell Alley,Winston Salem,North Carolina,97
Janelle Conaghan,4769 Onsgard Crossing,Spokane,Washington,0
Lolita Bridgeland,851 Westport Hill,Chicago,Illinois,61320
Julee Lavallie,2347 Northwestern Road,Tulsa,Oklahoma,157
Corry Haddleton,4 Merrick Place,Detroit,Michigan,70
Pansy Kaesmans,91338 Heffernan Street,Peoria,Arizona,2458
Jessie Flukes,05 Goodland Trail,Cleveland,Ohio,3
Farley Crosetti,63211 Clemons Way,Chicago,Illinois,90
Shanon Myers,530 Weeping Birch Center,Saint Louis,Missouri,02968
Cynthy Kettley,6 Thierer Court,Lafayette,Louisiana,0
Bearnard Moriarty,9492 Acker Avenue,Colorado Springs,Colorado,685
Alena Maddick,5245 Merry Parkway,Chula Vista,California,7
Quincy Raymen,2023 North Way,Sarasota,Florida,0
Shurlock Olexa,36 Little Fleur Trail,Milwaukee,Wisconsin,4322
Tomi Garnett,61428 Maryland Way,Hampton,Virginia,5200
Ola Martindale,645 Weeping Birch Court,Boise,Idaho,075
Arny Skermer,2176 Bultman Drive,Lexington,Kentucky,06143
Allyn Evennett,23 3rd Parkway,Roanoke,Virginia,35432
Selle Barsham,24414 Dottie Court,San Antonio,Texas,598
Anatollo Sigart,9462 Victoria Parkway,Toledo,Ohio,277
Gwenette Soppit,84653 Kedzie Point,San Antonio,Texas,83358
Saundra Guyonneau,32 Autumn Leaf Pass,Athens,Georgia,986
Padraic Hasney,2391 Kennedy Lane,Salt Lake City,Utah,517
Hurley Leadley,0603 Autumn Leaf Street,Portland,Oregon,1
Reeva Duggen,59 Southridge Court,Colorado Springs,Colorado,2672
Osmond Cohrs,796 Longview Alley,Ann Arbor,Michigan,7947
Pammie Bebb,6 Fairfield Pass,Cincinnati,Ohio,900
Paige Soars,028 Jackson Pass,North Hollywood,California,47
Alma Kelinge,6368 Menomonie Point,Spokane,Washington,1
Kelvin Yarrell,5 Roxbury Park,Orange,California,1
Joey Dudding,4451 Lakewood Parkway,Humble,Texas,5
Justine Hannent,8599 Vidon Parkway,Loretto,Minnesota,14027
Lucias Dechelette,36706 Warrior Point,Warren,Michigan,25
Natala Meeus,79 Manley Terrace,Fresno,California,4298
Caresse Defty,39 Bayside Street,Milwaukee,Wisconsin,32
Sibley Hadaway,379 Waubesa Hill,Scranton,Pennsylvania,4976
Kilian McKeevers,6 Packers Plaza,Huntsville,Alabama,6344
Lilia Atter,6436 West Place,Toledo,Ohio,213
Maure Speakman,79 Independence Lane,Greensboro,North Carolina,8
Harmonie Jurges,08 Rockefeller Way,Shawnee Mission,Kansas,44933
Talyah Bellhanger,042 Bluejay Way,Daytona Beach,Florida,2621
Melisande Dalley,7 Riverside Court,San Francisco,California,061
Lorne Render,98 Nevada Court,Washington,District of Columbia,4
Mirabella Halhead,990 Sauthoff Way,Birmingham,Alabama,06
Sancho Maydway,8 Surrey Lane,Philadelphia,Pennsylvania,4283
Elladine Garter,0 Maryland Plaza,New York City,New York,613
Shirline Jiles,095 Hoffman Parkway,Indianapolis,Indiana,38930
Rosanna Bass,187 3rd Court,Saint Petersburg,Florida,4594
Wynn Rackham,21570 Sundown Hill,Oakland,California,25122
Katina Wellesley,2947 Mccormick Junction,Honolulu,Hawaii,4315
Lonnie Polini,1 Novick Crossing,Charlotte,North Carolina,649
Edsel Ziemens,952 Marquette Pass,Kansas City,Missouri,07603
Merla Meas,05 Village Green Alley,New York City,New York,05
Tadio Mayze,79070 Kropf Pass,Dayton,Ohio,29
Jaine Wren,4 Northridge Plaza,Bakersfield,California,5
Beatrix Bettis,22145 Hudson Park,Charlotte,North Carolina,76482
Anstice Dikels,7547 Porter Street,Flint,Michigan,153
Daffie Lipscomb,53 4th Plaza,Oakland,California,2546
Thoma Krystek,9 Havey Place,Cincinnati,Ohio,518
Angele Yeowell,53574 Golf Place,Greenville,South Carolina,4126
Ruthie Flaxman,4547 Lunder Hill,Stamford,Connecticut,668
Gayleen Gurrado,5 Cardinal Crossing,Albany,New York,7403
Gerhard Kilshall,30 Hooker Trail,Ogden,Utah,72
Ulises Ledrun,2 Kinsman Pass,Hartford,Connecticut,58852
Kain Chancellor,3766 Dottie Hill,Houston,Texas,81297
Todd Curnick,18 David Trail,Brooklyn,New York,1085
Ingaborg Golledge,6 Roxbury Parkway,Portsmouth,Virginia,0699
Lorant Dyde,8758 Prentice Terrace,Boston,Massachusetts,443
Elvina Figurski,751 Maple Park,Chicago,Illinois,14
Milton McCorley,204 5th Crossing,Los Angeles,California,66
Jolyn Syrad,0602 Sugar Court,Seminole,Florida,491
Kristy Cowsby,37 Green Ridge Plaza,Silver Spring,Maryland,125
Milt Boobier,851 Prairie Rose Parkway,Valley Forge,Pennsylvania,298
Bryn Andresen,8117 Mosinee Way,Washington,District of Columbia,9
Gherardo Detoc,30 American Ash Circle,Baltimore,Maryland,8160
Adara Kees,91 Northland Drive,Lexington,Kentucky,2
Raviv Damiata,6844 Mitchell Avenue,Detroit,Michigan,26788
Danita Caulder,1726 Emmet Pass,Anchorage,Alaska,854
Adah Akker,754 Starling Trail,Springfield,Illinois,261
Karlene Swinburne,713 Vernon Avenue,Shreveport,Louisiana,50
Karlens Bispham,9 Rigney Place,Montgomery,Alabama,718
Nikos Elliott,143 Ilene Road,Denver,Colorado,68029
Eadith Whettleton,7 Sunnyside Park,Pocatello,Idaho,0
Ginnifer Heap,875 Maryland Circle,Des Moines,Iowa,5
Salomone Thorowgood,0731 Gale Center,Knoxville,Tennessee,168
Kevan Peery,08 Schurz Point,Honolulu,Hawaii,6
Sal Comino,70 Maryland Crossing,Peoria,Illinois,738
Leelah Blacklawe,39358 Dahle Alley,Topeka,Kansas,8333
Rafael Ciccotto,3 Village Green Point,Fresno,California,0
Adelaida Elsegood,47908 Fallview Point,Amarillo,Texas,1
Lyndel Murrish,7766 Dayton Street,West Palm Beach,Florida,1
Linnet Drugan,0399 Logan Crossing,Sterling,Virginia,22
Paola Dignall,768 Loomis Avenue,Chicago,Illinois,992
Karylin Haxley,8352 Dwight Lane,Amarillo,Texas,838
Tabina Barts,663 Carioca Lane,Mobile,Alabama,965
Rosanna Alwood,55 Leroy Plaza,Frederick,Maryland,19
Wyatan Bellin,58 Iowa Hill,Bridgeport,Connecticut,9
Sharona Lowndes,3 Novick Drive,El Paso,Texas,2
Carmella Wilton,76934 Raven Drive,Lexington,Kentucky,592
Steffane Daly,65890 Homewood Pass,Atlanta,Georgia,10
Ailbert Kennedy,16360 Ryan Place,Cleveland,Ohio,807
Fayina Tolcharde,3079 Sunnyside Point,Dayton,Ohio,6
Deidre Frowde,59 Larry Avenue,Ventura,California,39
Ode Bamb,57388 Shasta Circle,Los Angeles,California,8355
Artur Gostick,1214 Larry Point,Minneapolis,Minnesota,73
Harrison Waeland,68142 Clarendon Street,Springfield,Illinois,5
Brandon Colby,1 Ridgeview Circle,Houston,Texas,392
Jaquenette Labbe,89826 Dakota Place,Santa Fe,New Mexico,607
Menard Aizik,8105 Dovetail Place,Dulles,Virginia,653
Bastien Grichukhanov,0 Linden Lane,Boston,Massachusetts,9
Brandea Dincke,2232 Haas Alley,Cleveland,Ohio,3
Ned Duly,80526 Scofield Drive,Portland,Oregon,036
Simeon Cowden,0 Oakridge Circle,Paterson,New Jersey,9319
Herbert Leven,1488 Manitowish Point,Norwalk,Connecticut,313
Ardelle MacQuaker,7368 Express Drive,Tacoma,Washington,49229
Tirrell Garnar,5129 Sugar Drive,New Orleans,Louisiana,9274
Julina Cowope,6485 Kropf Lane,Birmingham,Alabama,31
Jermain Gateman,2717 Forest Dale Trail,Jacksonville,Florida,02
Marsh Giorgione,4499 Lindbergh Terrace,Indianapolis,Indiana,5
Margeaux Harkess,632 Lukken Point,Atlanta,Georgia,819
Der Matschke,155 North Drive,Lansing,Michigan,90
Hugo Drage,50 Walton Avenue,White Plains,New York,5857
Dallas Kores,389 Fair Oaks Plaza,Augusta,Georgia,3
Garv Suttell,06 Helena Alley,Portland,Oregon,0796
Patin Mullin,9618 Washington Hill,Galveston,Texas,28
Caspar Flasby,58 Farwell Lane,Iowa City,Iowa,13
Salaidh Innerstone,0943 Surrey Plaza,East Saint Louis,Illinois,89123
Dela Severwright,64 Oakridge Parkway,Jacksonville,Florida,0
Ferdinanda Indgs,061 Nevada Street,Springfield,Illinois,43
Nilson Harnetty,23889 Farragut Crossing,Providence,Rhode Island,24278
Mabelle Canada,26 Maryland Trail,Richmond,Virginia,9
Hobart Sparhawk,03069 Myrtle Drive,Pasadena,California,2
Ingelbert Fairbank,9 Schmedeman Street,Sterling,Virginia,11245
Nelly Spurret,1 Cottonwood Park,Evanston,Illinois,2
Hansiain Sokell,4592 Prairieview Way,Amarillo,Texas,139
Syd Brightey,2584 Manitowish Lane,Grand Rapids,Michigan,0802
Gaye Dinjes,64442 West Road,Houston,Texas,19786
Berna Ramos,15745 Rockefeller Lane,San Antonio,Texas,4612
Job Linwood,31052 Melby Court,Des Moines,Iowa,16790
Tallie Sherburn,0363 Union Center,Columbus,Ohio,73
Gabriele Fillingham,253 Glacier Hill Crossing,Newark,Delaware,6
Rollins Bouttell,043 Helena Center,Orlando,Florida,373
Elmer Druce,61 Maywood Lane,Atlanta,Georgia,455
Lory Lander,5641 Donald Parkway,New York City,New York,138
Tatum Sonley,1 Sloan Place,Norfolk,Virginia,3356
Tudor McCaffery,31 Dapin Place,Duluth,Georgia,45882
Idell Wallbutton,60 Hallows Pass,Brooklyn,New York,4589
Tammara Rawlyns,89 Calypso Parkway,Hartford,Connecticut,7
Terri Whalley,3673 Sunnyside Park,Anniston,Alabama,93
Aileen Gligoraci,82 Karstens Point,Detroit,Michigan,005
Davin Bernadot,3907 Pankratz Road,Huntington,West Virginia,60
Sebastien Huett,451 Kenwood Avenue,Mobile,Alabama,400
Laureen Petri,451 Elgar Road,Pittsburgh,Pennsylvania,5463
Sharl Hunt,9622 Bartelt Drive,Hot Springs National Park,Arkansas,62
Elliot Sissens,4275 Loeprich Lane,Lexington,Kentucky,628
Faulkner Gotliffe,4324 Anthes Place,Shawnee Mission,Kansas,0
Colby Bawden,19342 Carioca Road,Denton,Texas,5580
Grady Caughan,401 Eggendart Circle,Pensacola,Florida,4
Doralin Kelf,007 Eagan Road,Fresno,California,68
Dotty Twomey,1 Garrison Lane,Jamaica,New York,7
Stavros Cortese,1370 Talmadge Avenue,San Diego,California,94329
Giuditta MacNeillie,18 Merry Junction,Saint Petersburg,Florida,11
Monique Mallaby,47610 Burning Wood Circle,Akron,Ohio,17639
Aaron Freire,4 Hoepker Trail,North Las Vegas,Nevada,6368
Shadow McCullouch,75 Village Green Point,Boston,Massachusetts,358
Nan Mobius,81688 Waywood Terrace,Milwaukee,Wisconsin,8
Jerrold Kimmons,586 Truax Circle,Baltimore,Maryland,8
Onfre Freathy,8208 Esker Park,Colorado Springs,Colorado,0545
Adamo Gange,4 Mccormick Center,Washington,District of Columbia,88945
Riobard Birbeck,240 Lindbergh Park,Independence,Missouri,24
Heriberto Crenage,458 Blaine Alley,Pensacola,Florida,29205
Sal Hepher,16944 Main Park,Savannah,Georgia,50466
Pace Crielly,38 Leroy Terrace,Dayton,Ohio,21
Lissi Galero,808 Oriole Avenue,Minneapolis,Minnesota,974
Lonna Layland,4 Roxbury Court,Baltimore,Maryland,22
Odella Themann,62 Lakeland Avenue,San Antonio,Texas,8053
Floria Walkling,65 Clove Center,Atlanta,Georgia,97246
Ingeberg Exall,7 Melby Trail,Springfield,Massachusetts,96
Leonore Beake,7 Sutherland Pass,Fargo,North Dakota,21
Tabbie Wagg,50 Superior Court,New York City,New York,7276
Hale Jacobsohn,1818 Delladonna Place,Buffalo,New York,7
Daven Bradforth,889 Longview Drive,Salt Lake City,Utah,68086
Gail Hook,12562 Scofield Pass,Boynton Beach,Florida,57274
Rabi Benoy,08278 Stuart Trail,Cincinnati,Ohio,752
Agata Larmet,2 Old Gate Alley,Richmond,Virginia,81177
Louisa Zupo,4 Ruskin Terrace,Baton Rouge,Louisiana,3033
Karna Allcorn,1740 Dahle Park,Seattle,Washington,4
Tucky Woodger,58045 Victoria Street,Houston,Texas,21
Kahaleel Finlason,495 Thompson Circle,Clearwater,Florida,7418
Georgia Landreth,15083 Esker Drive,Alexandria,Virginia,59384
Iggy Ockenden,6 Arrowood Terrace,Toledo,Ohio,922
Evvy Dowrey,810 Clove Avenue,El Paso,Texas,592
Val Gareisr,25 Harbort Park,Trenton,New Jersey,75432
Laetitia Paybody,0666 Washington Junction,Minneapolis,Minnesota,3
Michele Pischoff,9476 Cardinal Point,Abilene,Texas,5297
Sharyl Gouley,3 Maple Wood Pass,Richmond,Virginia,98
Elly Trenoweth,5 Butternut Terrace,Little Rock,Arkansas,7974
Barr Grono,2 Spohn Drive,Toledo,Ohio,11
Meir Coakley,31 Dakota Lane,Young America,Minnesota,0751
Jozef O'Nions,3598 Muir Park,Miami,Florida,203
Sarette Muldownie,01018 Macpherson Circle,Mesa,Arizona,664
Batsheva Levee,7 Donald Lane,Boise,Idaho,752
Burr Balog,36 Onsgard Center,Seattle,Washington,73553
Randa Jurisic,3 Westridge Pass,Portsmouth,New Hampshire,7
Haily MacDearmid,17578 Brentwood Trail,Lynn,Massachusetts,2644
Guthry Rossetti,596 Glendale Crossing,Washington,District of Columbia,6
Felecia Matteucci,6 Rutledge Terrace,Charlotte,North Carolina,09
Lilias Briers,805 Towne Terrace,Jacksonville,Florida,95
Ellette Youngman,572 Forest Dale Park,San Diego,California,9477
Kurtis McKimmey,9 Village Green Terrace,Arlington,Virginia,89
Birk Tailby,620 Parkside Court,Huntsville,Texas,07
Florenza Paydon,91395 3rd Plaza,Las Vegas,Nevada,3
Marigold Kilpin,6914 Glacier Hill Street,Monticello,Minnesota,0
Stephie Chmiel,8858 Sachs Circle,Washington,District of Columbia,8
Alika Seivertsen,38615 North Parkway,Fresno,California,69759
Ophelia Minister,533 Randy Drive,Southfield,Michigan,19292
Uriah Drane,28 Warner Alley,Erie,Pennsylvania,89755
Waly Gladden,79 La Follette Lane,Washington,District of Columbia,3
Laurianne Gianneschi,43 Rieder Plaza,Portland,Oregon,52316
Janeen Fadian,48963 Homewood Parkway,Albuquerque,New Mexico,16
Annabel Blezard,646 4th Park,Saginaw,Michigan,62329
Jaimie Marl,9 Westend Way,Houston,Texas,387
Robinson Sworder,8 Schmedeman Avenue,Lansing,Michigan,891
Georg Caughan,4 Shoshone Crossing,Indianapolis,Indiana,78
Tiffie Lezemore,5 Esch Avenue,Virginia Beach,Virginia,00991
Leoline Rose,862 Oxford Parkway,Columbia,South Carolina,25578
Corette Seedhouse,275 Armistice Court,Dallas,Texas,88926
Wyatt Jermy,159 Evergreen Circle,College Station,Texas,811
Kellen Regan,2 Schurz Drive,Springfield,Illinois,0
Trudy Eles,90868 Huxley Junction,Decatur,Illinois,50
Mose Kike,30777 Center Hill,Birmingham,Alabama,9213
Maximo Rosenfrucht,4 Service Hill,Wilmington,Delaware,63
Matilde Mawson,6 Hoffman Road,New Orleans,Louisiana,6
Valida Vickar,786 Shasta Place,Merrifield,Virginia,6002
Dyna Sommerled,5502 Northport Parkway,Sacramento,California,3
Lucais Labet,3 Northview Court,Sacramento,California,35059
Dario Ascrofte,001 Kim Avenue,Chandler,Arizona,77
Caro Bourdis,663 Eliot Hill,Spokane,Washington,426
Ingelbert Hughland,56291 Blackbird Avenue,Dayton,Ohio,734
Jerry Ellington,82 Cottonwood Crossing,Monroe,Louisiana,738
Kippie Mitkov,566 Division Road,Huntsville,Alabama,7476
Norene Joplin,71399 Lukken Way,Las Vegas,Nevada,025
Olivia Cosely,01264 Milwaukee Circle,Des Moines,Iowa,217
Angelo Clendening,81 Golf Crossing,Bridgeport,Connecticut,39
Gerhard MacLucais,91469 Eagan Court,Bloomington,Indiana,3194
Sol Pigott,060 Kinsman Place,Columbia,South Carolina,1385
Barr Volleth,111 Iowa Park,Washington,District of Columbia,48
Chevalier Mollene,2294 Welch Lane,Mobile,Alabama,04759
Terrance Sargerson,229 Hovde Trail,Gainesville,Florida,782
Jobie Tubridy,157 Autumn Leaf Drive,Evansville,Indiana,1545
Christiana Hildrew,4215 Raven Point,Lansing,Michigan,01704
Cecilius Harnett,875 Dennis Center,Kansas City,Missouri,0311
Sayres Robottom,946 Oriole Hill,Naples,Florida,54
Pacorro Edel,68726 Cherokee Alley,Jamaica,New York,98266
Elden Windross,2599 Hoepker Drive,Washington,District of Columbia,01861
Base Goff,0 Kings Plaza,Montgomery,Alabama,32
Harriot Chicotti,7 Holy Cross Hill,Naples,Florida,1
Peadar Sparsholt,286 Judy Park,Fullerton,California,3613
Candis Piscotti,4800 Hintze Plaza,Midland,Michigan,9157
Link Camings,218 Anthes Crossing,Newport Beach,California,89
Lory Olivia,6 Lindbergh Park,Reno,Nevada,06777
Corenda Greschke,2 Bonner Hill,Lakeland,Florida,57949
Alonzo McElmurray,1812 Hollow Ridge Court,Evansville,Indiana,36
Jillie Fantini,864 Cordelia Hill,Baton Rouge,Louisiana,26
Benedikt Clapham,831 Harper Lane,Bronx,New York,6700
Shadow Bucklee,9725 Michigan Hill,Wilkes Barre,Pennsylvania,3511
Karon Kield,578 Sugar Avenue,Austin,Texas,044
Ofelia Malcolm,0 Burrows Place,Dallas,Texas,24
Mead Haxbie,77606 Utah Alley,Minneapolis,Minnesota,207
Karlie Lundberg,22100 6th Avenue,Washington,District of Columbia,46
Caye Haddrell,450 Del Sol Drive,Richmond,Virginia,3231
Humbert Gouldie,14 Columbus Plaza,Santa Ana,California,30592
Kamillah Clearley,3 Beilfuss Avenue,Las Vegas,Nevada,233
Nial Saulter,84 Glacier Hill Alley,Young America,Minnesota,660
Hillier Scotsbrook,0746 Bowman Circle,Shawnee Mission,Kansas,662
Lethia Ternault,3597 Fieldstone Pass,Springfield,Massachusetts,9341
Anne-corinne Beare,740 Pond Park,Bethesda,Maryland,0
Helene O'Regan,4345 Portage Point,Charleston,West Virginia,1691
Vasily Ketchen,851 Corscot Trail,Houston,Texas,2925
Cindy Milmore,341 Gerald Terrace,Oklahoma City,Oklahoma,46
Monro Cockerell,63649 Union Way,Camden,New Jersey,76
Karyn Himpson,93 Homewood Pass,Pittsburgh,Pennsylvania,3
Cindelyn Kennea,0009 Maple Center,Littleton,Colorado,1
Ingar De Mitris,367 Ramsey Terrace,Baltimore,Maryland,0
